{
  "video1_path": "samples/clipA.mp4",
  "video2_path": "samples/clipB.mp4",
  "audio_offset_seconds": 1.5,
  "audio_offset_frames": 45,
  "total_frames": 195,
  "valid_frames": 195,
  "average_sync_score": 99.18762410243832,
  "max_sync_score": 99.8561440399309,
  "min_sync_score": 93.59272165303287,
  "frame_scores": [
    97.29576857045653,
    98.65206281605354,
    98.41249937229219,
    99.1236392795127,
    97.73954295348051,
    98.1527239811649,
    98.90713155810474,
    98.50414643583018,
    98.12753938311984,
    97.56450941793697,
    97.06606886301923,
    98.0792536101809,
    98.23945577240004,
    97.35012337878824,
    97.90189480492995,
    98.16752665594464,
    99.1122632107625,
    98.70649821088703,
    98.51748019494842,
    98.67240658971367,
    98.70999218670256,
    98.61827889267117,
    98.67404298667476,
    98.45528023670958,
    99.49720904329035,
    99.52500453960573,
    99.23889345462761,
    99.48475323214132,
    99.39613925494447,
    99.61109796753748,
    99.53189876055598,
    99.33604352182502,
    99.72766784041413,
    99.61045298653112,
    99.44430756023436,
    99.48180894699263,
    99.40222840779325,
    99.44236252325216,
    99.70480917973511,
    99.59829208835517,
    99.43347227866201,
    99.10582254818856,
    98.95158673045069,
    99.18414145605654,
    99.45684366403582,
    99.6020429008739,
    99.41807700147612,
    99.39133006506638,
    99.55986774720729,
    99.6591329297006,
    99.49809673895503,
    99.49119505449923,
    99.60688327776761,
    99.4983466508935,
    99.02441981092743,
    99.43712536720876,
    99.60327712538448,
    99.78871067767224,
    99.50085609785503,
    99.48002768033469,
    99.4174634330268,
    99.43367921651702,
    99.3994852712332,
    99.27824605063276,
    98.96109841330129,
    99.40743808769543,
    98.69823111879995,
    98.3119591457086,
    99.45804101404607,
    98.97505527552318,
    97.53392468393503,
    99.22109935165153,
    99.40265807923718,
    99.0866311811088,
    99.24428187292129,
    99.1991720321418,
    93.59272165303287,
    99.1754629347703,
    98.89920863971832,
    99.04234754914629,
    99.37750026708414,
    99.40914401133098,
    99.55405900330987,
    99.60830859139601,
    99.57696915484124,
    99.56426623910795,
    99.70555133487706,
    99.5818498261087,
    99.73427752495401,
    99.74371528093297,
    99.80387647835863,
    99.51430271007895,
    99.73152824520028,
    99.55698733695615,
    99.65637677564013,
    99.66665033894701,
    99.52848227585392,
    99.6157951366521,
    99.505650148893,
    99.64487934559718,
    99.61605558181007,
    99.64222982841946,
    99.46449217076075,
    99.61210936133659,
    99.5606211626319,
    99.57277843845871,
    99.65489311358135,
    99.65961050487205,
    99.72263186576717,
    99.8561440399309,
    99.68630601846972,
    99.71283538442574,
    99.65424692082811,
    99.47807544603248,
    99.58966070538288,
    99.73060260667323,
    99.6240404890816,
    99.43911880270481,
    99.68817362382089,
    99.69249468633471,
    99.8300794808649,
    99.5714067679372,
    99.45353216365947,
    99.53446669945866,
    99.42872703208036,
    99.56828453748955,
    99.67097787709697,
    99.3631860186856,
    99.65909861570826,
    99.16308149439624,
    99.40994258223671,
    99.50927756161191,
    99.53822703202965,
    99.47803020043492,
    99.15874321212561,
    99.78335164219519,
    99.4124601230148,
    99.67718606690227,
    99.73347708585739,
    99.39842014961988,
    99.23214959712003,
    99.0808534600543,
    99.26049256601813,
    98.86378654479834,
    98.43750174506093,
    98.94619438257492,
    98.20209315565998,
    98.58401704433093,
    99.08706367590861,
    98.84951152851895,
    99.05770192020256,
    99.62271225258527,
    99.09126626347829,
    99.23012412281189,
    99.41934060152514,
    99.21552670748156,
    99.33125834377391,
    99.12255747756915,
    97.58169888651902,
    97.98964171370287,
    98.83414141020658,
    98.73617211778371,
    99.47041016663661,
    99.5844777306371,
    99.28976032247391,
    99.7277054756884,
    99.6495123407475,
    99.44756830985916,
    99.34814953574444,
    99.39015158409582,
    95.52036640410871,
    99.30707028224116,
    99.43821215951226,
    99.57307275190261,
    99.40567145428706,
    98.93421859409963,
    99.50887253409867,
    99.41094668080954,
    99.38956253950128,
    98.75905480413097,
    99.06848233763847,
    98.15473405845106,
    99.24198731871545,
    98.7645638562553,
    99.21277278775631,
    99.52484392545583,
    99.73317575731642,
    99.80210206869793,
    99.6640685204304,
    99.83549840429887,
    99.54210945634868,
    99.6873862583952,
    99.43980716154451,
    99.29531403102588,
    99.39745824655034
  ],
  "comparison_video": "comparison_output.mp4",
  "limb_analysis": {
    "Left Arm": {
      "average_score": 98.41137275261973,
      "average_difference": 2.8595290452844804,
      "frames_analyzed": 195
    },
    "Right Arm": {
      "average_score": 98.66574029650593,
      "average_difference": 2.401667466289323,
      "frames_analyzed": 195
    },
    "Left Leg": {
      "average_score": 99.31161539401735,
      "average_difference": 1.2390922907687574,
      "frames_analyzed": 195
    },
    "Right Leg": {
      "average_score": 99.4176953401719,
      "average_difference": 1.0481483876905737,
      "frames_analyzed": 195
    },
    "Left Torso": {
      "average_score": 99.66998361890832,
      "average_difference": 0.5940294859650161,
      "frames_analyzed": 195
    },
    "Right Torso": {
      "average_score": 99.6493372124067,
      "average_difference": 0.6311930176679181,
      "frames_analyzed": 195
    }
  },
  "coach_review": {
    "review": "Wow, your overall sync is absolutely incredible, almost a perfect 99%! Your legs and torsos are particularly on point, showing fantastic coordination. To push that even further, focus on maintaining the same level of precision with your arms, perhaps by visualizing them moving in perfect harmony with your core. Keep up this amazing work!",
    "source": "gemini"
  }
}